{
    "x": [],
    "y": [
        24989.468590663444,
        24989.531227863758,
        24989.57018351947,
        24989.549311999923,
        24989.688274154145,
        24989.72981321357,
        24989.701100674607,
        24989.744158158795,
        24989.74205046753,
        24989.70189388113,
        24989.64900118886,
        24989.605875759673,
        24989.601706043017,
        24989.683809711685,
        24989.60877655437,
        24989.61963145783,
        24989.65514260402,
        24989.625093032457,
        24989.572132440542,
        24989.507931469725,
        24989.40083179358,
        24989.361558989767,
        24989.333435610966,
        24989.366091303364,
        24989.336834787693,
        24989.3728218768,
        24989.316733894255,
        24989.29357353726,
        24989.28398763052,
        24989.270413196627,
        24989.305199028626,
        24989.276645171227,
        24989.31870548735,
        24989.345695711356,
        24989.381954586035,
        24989.40246340679,
        24989.360516465833,
        24989.395959582183,
        24989.364097096415,
        24989.37751283343
    ],
    "raw_x": [],
    "raw_y": [
        [
            5513.55934,
            5513.57346
        ],
        [
            5513.59066,
            5513.56978
        ],
        [
            5513.59496,
            5513.58267
        ],
        [
            5513.59066,
            5513.57776
        ],
        [
            5513.62316,
            5513.60658
        ],
        [
            5513.63601,
            5513.61206
        ],
        [
            5513.63428,
            5513.60112
        ],
        [
            5513.63457,
            5513.61983
        ],
        [
            5513.65038,
            5513.60309
        ],
        [
            5513.62893,
            5513.60682
        ],
        [
            5513.6234,
            5513.58901
        ],
        [
            5513.61604,
            5513.57734
        ],
        [
            5513.60928,
            5513.58226
        ],
        [
            5513.63139,
            5513.59638
        ],
        [
            5513.60621,
            5513.58845
        ],
        [
            5513.62038,
            5513.57907
        ],
        [
            5513.6153,
            5513.59982
        ],
        [
            5513.61291,
            5513.58895
        ],
        [
            5513.59324,
            5513.58525
        ],
        [
            5513.59324,
            5513.55692
        ],
        [
            5513.57018,
            5513.53272
        ],
        [
            5513.53947,
            5513.5461
        ],
        [
            5513.55408,
            5513.51908
        ],
        [
            5513.55699,
            5513.53058
        ],
        [
            5513.56251,
            5513.51215
        ],
        [
            5513.55571,
            5513.53483
        ],
        [
            5513.54702,
            5513.51877
        ],
        [
            5513.54149,
            5513.51408
        ],
        [
            5513.53374,
            5513.5176
        ],
        [
            5513.53357,
            5513.51178
        ],
        [
            5513.54556,
            5513.51514
        ],
        [
            5513.53787,
            5513.51023
        ],
        [
            5513.54524,
            5513.52142
        ],
        [
            5513.54788,
            5513.53069
        ],
        [
            5513.55711,
            5513.53746
        ],
        [
            5513.57369,
            5513.52993
        ],
        [
            5513.55975,
            5513.52536
        ],
        [
            5513.55959,
            5513.54116
        ],
        [
            5513.55133,
            5513.53536
        ],
        [
            5513.56166,
            5513.53095
        ]
    ],
    "x_label": "Samples",
    "y_label": "Sheet Resistance (Ohm/sq)",
    "info": "Sheet resistance calculated using the Van der Pauw method. each raw_y element contains [R_h,R_v].",
    "custom_name": ""
}